{"cameraMode":{"drawMode":0,"name":"Shaded","section":"Shading Mode"},"sceneLighting":true,"audioPlay":false,"sceneViewState":{"m_AlwaysRefresh":false,"showFog":true,"showSkybox":true,"showFlares":true,"showImageEffects":true,"showParticleSystems":true,"showVisualEffectGraphs":true,"m_FxEnabled":true},"in2DMode":false,"pivot":{"x":-0.6488471031188965,"y":-68.80674743652344,"z":292.2629699707031},"rotation":{"x":-0.1452961415052414,"y":0.0035605861339718105,"z":-0.0005118829431012273,"w":-0.9893970489501953},"size":169.42530822753907,"orthographic":false}