{"cameraMode":{"drawMode":0,"name":"Shaded","section":"Shading Mode"},"sceneLighting":true,"audioPlay":false,"sceneViewState":{"m_AlwaysRefresh":false,"showFog":true,"showSkybox":true,"showFlares":true,"showImageEffects":true,"showParticleSystems":true,"showVisualEffectGraphs":true,"m_FxEnabled":true},"in2DMode":false,"pivot":{"x":-0.7708901762962341,"y":9.292803764343262,"z":-2.434258222579956},"rotation":{"x":-0.26226237416267397,"y":-0.15207424759864808,"z":0.04191054031252861,"w":-0.9520313739776611},"size":31.525535583496095,"orthographic":false}